target_id,brand,model,colorway,size_us,size_kr,ebay_price_original,currency_original,exchange_rate,ebay_price_krw,price_type,item_url,item_title,item_condition,shipping_price,collected_at,memo
1,Nike,Air Jordan 1 Retro High OG,Chicago Lost and Found,9,270,175.0,USD,1360,238000,listing_price,https://www.ebay.com/itm/168336430227?_skw=Nike+Air+Jordan+1+Lost+and+Found+US+9&hash=item2731a21493:g:ASoAAeSwyJ5p79Bx,Nike Air Jordan 1 lost and founds   sneakers  ,Pre-owned - Good,0,2026-05-19,query=Nike Air Jordan 1 Lost and Found US 9; collected_by_browse_api
1,Nike,Air Jordan 1 Retro High OG,Chicago Lost and Found,9,270,300.0,USD,1360,408000,listing_price,https://www.ebay.com/itm/236798520480?_skw=Nike+Air+Jordan+1+Lost+and+Found+US+9&hash=item37224aaca0:g:ne8AAeSwmT1p-Vty&amdata=enc%3AAQALAAABAACCtXRWQnOEpyOqnQQ8KGY5kzfDW3TyNm1UTYDE6ikFbX1OUGV1tsw5grhSw1UDKNp%2BZZD567IBN1sI%2BNt4G6D%2FhBxrt7xRAuMbIuitJItQg0O2sM4Pa6R5%2BunA8P5j8gCa49pDHn3fXS9jY6UX18ERB%2FAoGhjwA1H1tPYN9Nt8TtlAeNUEYWqSX9ju38H%2BSwRtr6K%2B%2BNsxH3GoJZLRD8syH2lifUE0Bi%2BzX46YdqqK%2Bv9ijkUDsjjbOy%2B76doOE6agSz9ZXgqmK8UOmvWhBs72dUsrg%2Bjq63F%2F13htRj2zPyLE26N9dxMb7cdIiFItXsTmgXY--Gz9hxPYnwonhLg%3D,DS New Nike Air Jordan Retro 1 High OG Lost And Found Chicago 2022 Size 9.5 Red,New with box,0,2026-05-19,query=Nike Air Jordan 1 Lost and Found US 9; collected_by_browse_api
1,Nike,Air Jordan 1 Retro High OG,Chicago Lost and Found,9,270,285.0,USD,1360,388000,listing_price,https://www.ebay.com/itm/198318943198?_skw=Nike+Air+Jordan+1+Lost+and+Found+US+9&hash=item2e2cbaebde:g:mXUAAeSw8K9p8i0I&amdata=enc%3AAQALAAABAACCtXRWQnOEpyOqnQQ8KGZEeNuU6Rpb1UWYRiy3rAzsxqzCTegoux0nFPn66cp2OwmLRgU1wZCbSLRDZhf6CQpJ41%2F6VHrzFTWsYk3VU1tPhGs2cJqpbe1i--uws7zm%2FfKn7UI7iaKtjVTYwUKBs%2Ffn6nfadc7q3vSKQduxm%2BYXiRM1jujpmMsNogsMYts0uXV7Oht%2FQEbY%2BWjfGjl9PQ6ime0V6ass24HZxZrQgxuiVp3f5MgGWpfCqjD9MaHT%2BHJj1IgR6hHVfcwnUgL4D2hhP53gSdxy3PGrvbu1e4ry3E43QgdTDsGLrvyW7mEgNUmlKbKlm%2BgrFpzwwuPueDs%3D,Nike Air Jordan 1 Retro Lost And Found,New with box,0,2026-05-19,query=Nike Air Jordan 1 Lost and Found US 9; collected_by_browse_api
1,Nike,Air Jordan 1 Retro High OG,Chicago Lost and Found,9,270,163.39,USD,1360,222000,listing_price,https://www.ebay.com/itm/358538306203?_skw=Nike+Air+Jordan+1+Lost+and+Found+US+9&hash=item537a8c629b:g:0qgAAeSwZAFpvFX9&amdata=enc%3AAQALAAABAACCtXRWQnOEpyOqnQQ8KGYzARUGYZIp1ofxJuW%2FsRFvFNzPcIPtFjeBQAeclIUNw6LFDrLzO%2B6xDsevsD4jnZo3Bjd6Dprtg6YzeYUl%2FPL4aCfD%2B--J9zRQGwtbJcHmHK17ct%2Fxgzy6yEJ2aIUZsbd6R9AyMEgKElIqq0oMFH351xycLMUo7PuleyKjhaC4Kz%2BGKWm%2BkHm7ZJpg8O6WkmjyBDfP83UF31kvgYVDczyV5GniaIs3q1mSBh%2BFhh8sKl6dtja8wEFuwts%2FGoZ3kiz4mnIs9wC1gMI7dOUOVhOWPi8fvQDvv%2FFAwljhJQHIecCDRJ%2FDdLux12zKjhXGQF4%3D,DZ5485-612 Jordan1 Retro High OG Lost and Found,New with box,9.9,2026-05-19,query=Nike Air Jordan 1 Lost and Found US 9; collected_by_browse_api
1,Nike,Air Jordan 1 Retro High OG,Chicago Lost and Found,9,270,140.0,USD,1360,190000,listing_price,https://www.ebay.com/itm/366380188105?_skw=Nike+Air+Jordan+1+Lost+and+Found+US+9&hash=item554df601c9:g:NR8AAeSwUdhp8~Id,Jordan 1 Lost and Found,New with box,0,2026-05-19,query=Nike Air Jordan 1 Lost and Found US 9; collected_by_browse_api
1,Nike,Air Jordan 1 Retro High OG,Chicago Lost and Found,9,270,289.99,USD,1360,394000,listing_price,https://www.ebay.com/itm/326972389578?_skw=Nike+Air+Jordan+1+Lost+and+Found+US+9&hash=item4c2112b8ca:g:0pcAAeSwLwhpeAYk,Air Jordan 1 Lost and Found Men's Size 9 Brand New Nike AJ 1,New with box,0,2026-05-19,query=Nike Air Jordan 1 Lost and Found US 9; collected_by_browse_api
1,Nike,Air Jordan 1 Retro High OG,Chicago Lost and Found,9,270,230.0,USD,1360,313000,listing_price,https://www.ebay.com/itm/358136953575?_skw=Nike+Air+Jordan+1+Lost+and+Found+US+9&hash=item5362a03ae7:g:DNEAAeSwYpNpQqwZ,"Size 9 – Nike Air Jordan Retro 1 Lost and Found (New, No Box)",New with defects,0,2026-05-19,query=Nike Air Jordan 1 Lost and Found US 9; collected_by_browse_api
1,Nike,Air Jordan 1 Retro High OG,Chicago Lost and Found,9,270,275.0,USD,1360,374000,listing_price,https://www.ebay.com/itm/187717024899?_skw=Nike+Air+Jordan+1+Lost+and+Found+US+9&hash=item2bb4ce7c83:g:31QAAeSwlmRpBnpo,DS New Nike Air Jordan Retro 1 High OG Lost And Found 2022 Size 9 Authentic Red,New with box,0,2026-05-19,query=Nike Air Jordan 1 Lost and Found US 9; collected_by_browse_api
1,Nike,Air Jordan 1 Retro High OG,Chicago Lost and Found,9,270,59.0,USD,1360,80000,listing_price,https://www.ebay.com/itm/327024714157?_skw=Nike+Air+Jordan+1+Lost+and+Found+US+9&hash=item4c243121ad:g:-1kAAeSwevBpgkCU,Pre-owned Nike Air Jordan 1 Lost and Found Chicago Retro High DX5485-612 Size 10,Pre-owned - Good,20.0,2026-05-19,query=Nike Air Jordan 1 Lost and Found US 9; collected_by_browse_api
1,Nike,Air Jordan 1 Retro High OG,Chicago Lost and Found,9,270,212.49,USD,1360,289000,listing_price,https://www.ebay.com/itm/287251199924?_skw=Nike+Air+Jordan+1+Lost+and+Found+US+9&hash=item42e18177b4:g:VVMAAeSwcalpz-lv,"Air Jordan 1 Retro High OG ""LOST AND FOUND"" 2022 - Size 8 - DZ5485-612",New without box,14.99,2026-05-19,query=Nike Air Jordan 1 Lost and Found US 9; collected_by_browse_api
1,Nike,Air Jordan 1 Retro High OG,Chicago Lost and Found,9,270,350.99,USD,1360,477000,listing_price,https://www.ebay.com/itm/136075840506?_skw=Nike+Air+Jordan+1+Lost+and+Found+US+9&hash=item1faec08bfa:g:JnIAAeSwZ35oYN02,Jordan 1 High Mens 9 Shoe Red White Lost And Found Chicago Nike Air Retro OG & 1,New with box,0,2026-05-19,query=Nike Air Jordan 1 Lost and Found US 9; collected_by_browse_api
1,Nike,Air Jordan 1 Retro High OG,Chicago Lost and Found,9,270,150.0,USD,1360,204000,listing_price,https://www.ebay.com/itm/377186554347?_skw=Nike+Air+Jordan+1+Lost+and+Found+US+9&hash=item57d21211eb:g:GaQAAeSwhYVqBxMM,Nike Air Jordan 1 Chicago Lost And Found Size 10M Excellent Condition,Pre-owned - Excellent,0,2026-05-19,query=Nike Air Jordan 1 Lost and Found US 9; collected_by_browse_api
1,Nike,Air Jordan 1 Retro High OG,Chicago Lost and Found,9,270,180.0,USD,1360,245000,listing_price,https://www.ebay.com/itm/327158678475?_skw=Nike+Air+Jordan+1+Lost+and+Found+US+9&hash=item4c2c2d43cb:g:uogAAeSwkXBqBivg,Nike Air Jordan 1 Retro High OG Lost and Found Chicago 2022 - Size 9.5,Pre-owned - Fair,0.0,2026-05-19,query=Nike Air Jordan 1 Lost and Found US 9; collected_by_browse_api
1,Nike,Air Jordan 1 Retro High OG,Chicago Lost and Found,9,270,359.8,USD,1360,489000,listing_price,https://www.ebay.com/itm/127596866636?_skw=Nike+Air+Jordan+1+Lost+and+Found+US+9&hash=item1db55dac4c:g:SH4AAeSwPjppVl1u,Nike Air Jordan 1  RetroHigh OG Chicago ‘Lost And Found’ New UK9.5/US10.5/EU44.5,New with box,18.66,2026-05-19,query=Nike Air Jordan 1 Lost and Found US 9; collected_by_browse_api
1,Nike,Air Jordan 1 Retro High OG,Chicago Lost and Found,9,270,199.99,USD,1360,272000,listing_price,https://www.ebay.com/itm/358549257973?_skw=Nike+Air+Jordan+1+Lost+and+Found+US+9&hash=item537b337ef5:g:-TMAAeSwNnNqA5X9,2022 NIKE AIR JORDAN 1 I DZ5485-612 CHICAGO LOST AND FOUND 9 RETRO 4 6 11 12 13,Pre-owned - Good,29.0,2026-05-19,query=Nike Air Jordan 1 Lost and Found US 9; collected_by_browse_api
1,Nike,Air Jordan 1 Retro High OG,Chicago Lost and Found,9,270,305.0,USD,1360,415000,listing_price,https://www.ebay.com/itm/305493239299?_skw=Nike+Air+Jordan+1+Lost+and+Found+US+9&hash=item4720d0e603:g:in8AAOSwrNhmDzcS,DZ5485 612 Air Jordan 1 Retro High OG Lost and Found,New with box,20.0,2026-05-19,query=Nike Air Jordan 1 Lost and Found US 9; collected_by_browse_api
1,Nike,Air Jordan 1 Retro High OG,Chicago Lost and Found,9,270,435.8,USD,1360,593000,listing_price,https://www.ebay.com/itm/314345149063?_skw=Nike+Air+Jordan+1+Lost+and+Found+US+9&hash=item49306e5287:g:WXoAAOSwhkllMg8g,Nike Air Jordan 1 Retro High OG Chicago Lost and Found DZ5485-612 Men's Size,New with box,0.0,2026-05-19,query=Nike Air Jordan 1 Lost and Found US 9; collected_by_browse_api
1,Nike,Air Jordan 1 Retro High OG,Chicago Lost and Found,9,270,153.9,USD,1360,209000,listing_price,https://www.ebay.com/itm/800017733260?_skw=Nike+Air+Jordan+1+Lost+and+Found+US+9&hash=itemba44c5d68c:g:n9QAAeSwCglokhYs,Jordan 1 Retro High OG Chicago Lost and Found Men's DZ5485-612&GS FD1437-612 New,New with box,0.0,2026-05-19,query=Nike Air Jordan 1 Lost and Found US 9; collected_by_browse_api
1,Nike,Air Jordan 1 Retro High OG,Chicago Lost and Found,9,270,142.0,USD,1360,193000,listing_price,https://www.ebay.com/itm/137264383677?_skw=Nike+Air+Jordan+1+Lost+and+Found+US+9&hash=item1ff59846bd:g:yPgAAeSweBdqBNFX,"Air Jordan 1 Retro ""Lost and Found"" (PreOwned)",New,12.0,2026-05-19,query=Nike Air Jordan 1 Lost and Found US 9; collected_by_browse_api
1,Nike,Air Jordan 1 Retro High OG,Chicago Lost and Found,9,270,329.0,USD,1360,447000,listing_price,https://www.ebay.com/itm/168254028688?_skw=Nike+Air+Jordan+1+Lost+and+Found+US+9&hash=item272cb8bb90:g:POEAAeSwuHBpwBP5,DS Men's Air Jordan 1 Retro High OG Chicago Lost and Found Sz 9.5 (DZ5485-612),New with box,0,2026-05-19,query=Nike Air Jordan 1 Lost and Found US 9; collected_by_browse_api
1,Nike,Air Jordan 1 Retro High OG,Chicago Lost and Found,9,270,327.0,USD,1360,445000,listing_price,https://www.ebay.com/itm/205201960416?_skw=Nike+Air+Jordan+1+Lost+and+Found+US+9&hash=item2fc6fd6de0:g:z4IAAeSw69Jp6bQv,Air Jordan 1 Retro High OG Lost & Found DZ5485-612 Men Size,New with box,14.95,2026-05-19,query=Nike Air Jordan 1 Lost and Found US 9; collected_by_browse_api
1,Nike,Air Jordan 1 Retro High OG,Chicago Lost and Found,9,270,200.0,USD,1360,272000,listing_price,https://www.ebay.com/itm/358235819490?_skw=Nike+Air+Jordan+1+Lost+and+Found+US+9&hash=item536884cde2:g:2LoAAeSwKytpl4OZ,Nike Air Jordan 1 Lost and Founds,Pre-owned - Excellent,0,2026-05-19,query=Nike Air Jordan 1 Lost and Found US 9; collected_by_browse_api
1,Nike,Air Jordan 1 Retro High OG,Chicago Lost and Found,9,270,414.7,USD,1360,564000,listing_price,https://www.ebay.com/itm/127797683007?_skw=Nike+Air+Jordan+1+Lost+and+Found+US+9&hash=item1dc155e33f:g:kj4AAOSwUwVnAepZ,✅ Size 9 - Air Jordan 1 High Lost & Found (2022) Nike US9 and Retro OG Chicago,New with tags,50.05,2026-05-19,query=Nike Air Jordan 1 Lost and Found US 9; collected_by_browse_api
1,Nike,Air Jordan 1 Retro High OG,Chicago Lost and Found,9,270,225.0,USD,1360,306000,listing_price,https://www.ebay.com/itm/277900095646?_skw=Nike+Air+Jordan+1+Lost+and+Found+US+9&hash=item40b422f09e:g:ysIAAeSwGgVp4RaB,"Air Jordan 1 Retro High OG ""LOST AND FOUND"" 2022 - Size 9 - dz5485 612 (15207-2)",Pre-owned - Excellent,14.0,2026-05-19,query=Nike Air Jordan 1 Lost and Found US 9; collected_by_browse_api
1,Nike,Air Jordan 1 Retro High OG,Chicago Lost and Found,9,270,307.0,USD,1360,418000,listing_price,https://www.ebay.com/itm/277811916857?_skw=Nike+Air+Jordan+1+Lost+and+Found+US+9&hash=item40aee17039:g:i4oAAeSw-6ZpuZEN,"Air Jordan 1 Retro High OG ""LOST AND FOUND"" 2022 - Size 9 - dz5485 612 (2117-17)",New with box,14.0,2026-05-19,query=Nike Air Jordan 1 Lost and Found US 9; collected_by_browse_api
1,Nike,Air Jordan 1 Retro High OG,Chicago Lost and Found,9,270,290.0,USD,1360,394000,listing_price,https://www.ebay.com/itm/236718605780?_skw=Nike+Air+Jordan+1+Lost+and+Found+US+9&hash=item371d8745d4:g:tEYAAeSwcN1pxzeZ,Nike Air Jordan 1  Lost and founds,Pre-owned - Excellent,0,2026-05-19,query=Nike Air Jordan 1 Lost and Found US 9; collected_by_browse_api
1,Nike,Air Jordan 1 Retro High OG,Chicago Lost and Found,9,270,313.0,USD,1360,426000,listing_price,https://www.ebay.com/itm/287220901882?_skw=Nike+Air+Jordan+1+Lost+and+Found+US+9&hash=item42dfb327fa:g:sQYAAeSwpAxpVZx7,"Air Jordan 1 Retro High OG ""LOST AND FOUND"" 2022 - Size 9 - dz5485 612 (6716-4)",New with box,14.0,2026-05-19,query=Nike Air Jordan 1 Lost and Found US 9; collected_by_browse_api
1,Nike,Air Jordan 1 Retro High OG,Chicago Lost and Found,9,270,313.0,USD,1360,426000,listing_price,https://www.ebay.com/itm/287220901880?_skw=Nike+Air+Jordan+1+Lost+and+Found+US+9&hash=item42dfb327f8:g:elcAAeSwwTBpVZxx,"Air Jordan 1 Retro High OG ""LOST AND FOUND"" 2023 - Size 9 - dz5485 612 (6144-1..",New with box,14.0,2026-05-19,query=Nike Air Jordan 1 Lost and Found US 9; collected_by_browse_api
1,Nike,Air Jordan 1 Retro High OG,Chicago Lost and Found,9,270,179.99,USD,1360,245000,listing_price,https://www.ebay.com/itm/800010272236?_skw=Nike+Air+Jordan+1+Lost+and+Found+US+9&hash=itemba4453fdec:g:kDsAAeSwSptp-47f&amdata=enc%3AAQALAAABAACCtXRWQnOEpyOqnQQ8KGZAnNPpHO4zg4h9Z%2FOQToxDetmjt10LY9is3FnqKQnNulWXWkzzcBkubdDAP33%2F4N8lkQNm1qDqp%2BrwsmHJm%2F1FTtiC7ZmBAk%2F5R1A%2B1zqngTsE2CiKHvARQMOqLbkhIg%2Fyms%2BdBxsNOB%2FV8rwl9TgPuOG3NO079OygeRih7TWkXcSPhbmqb4uOkCOb1Mu3XsHIBnJaDdg3rAz%2BruOtcEFEdW4ZA60VBrjmooN4wIW4LTpZnNMkeHdmC4m3cAu8q84Fwf3KPwV7ZHcZveyFVSeTwtGy81OrkxI6MxZr70tytthD82T5LLTRGDVsKabyWU0%3D,Jordan 1 Lost and Found Chicago Reimagined Men's Sneakers Size 9 PREOWNED,Pre-owned - Good,0,2026-05-19,query=Nike Air Jordan 1 Lost and Found US 9; collected_by_browse_api
1,Nike,Air Jordan 1 Retro High OG,Chicago Lost and Found,9,270,120.0,USD,1360,163000,listing_price,https://www.ebay.com/itm/257138539478?_skw=Nike+Air+Jordan+1+Lost+and+Found+US+9&hash=item3bdea6bbd6:g:gDQAAeSwpAFo1a58&amdata=enc%3AAQALAAABAACCtXRWQnOEpyOqnQQ8KGa8f9%2BB%2BfGeONscptrJQ91lg2AYnPlSwIv8Lns7C%2BRYazEgVf%2BtxWW5ewaZBNAr%2BzU909zMQ%2F8Agfgv%2BnPxZIVrNYTqkDDfzGOD%2FY%2F%2B368biH64fEVTT2YCvQ6hBfxfGXR3qIJ7WYX%2FpHSB81pvA0u%2BYE%2F%2BAAzMg5w5%2F0yLE5BEOgf96ke6Rpo9wmOOB4VnzWQFiMwlnHtYPjO6FdwmKaVsAMa44N1vjc%2FLDRc939S2EGgsV4CRYdJmOB2d%2BPgZR4VhNp3aJqL1wu77tWpI1rU20g41k4xs%2Faz8HF%2BgE5KRIcmcp%2FQeWjHlzUZzjTYSYBQ%3D,Size 9C - Nike Air Jordan 1 Retro High Lost And Found FD1413-612 NEW! Ship Fast!,New with box,0,2026-05-19,query=Nike Air Jordan 1 Lost and Found US 9; collected_by_browse_api
1,Nike,Air Jordan 1 Retro High OG,Chicago Lost and Found,9,270,280.0,USD,1360,381000,listing_price,https://www.ebay.com/itm/178003898616?_skw=Nike+Air+Jordan+1+Lost+and+Found+US+9&hash=item2971dbf0f8:g:7tYAAeSw33xpwpaI&amdata=enc%3AAQALAAABAACCtXRWQnOEpyOqnQQ8KGYpEkBj284MeINuWMKJZevRh42K8Tj%2FC9F7YQElQxNEF9reK5XLHF0cTXgeDRfcqQLUy33lPknT0gVUezzJDsM%2FSon1H0X4k9pSuQ37HEjFlL1stcyBS505I1jj5ZpQv%2Fx6LO7s3i3ngYs7lCB8esLJrHTT0eSetieT9CNNCstKs7KyO6kgvY42tD822ESwb3W%2FbukBEFsVz8ALFgvF0Jqi7z6q2gvmv%2FhMInj1Af4b06fmGkXK7MNW2zvo3knmKlbk41u7vetuGnlwih1oT%2BF3mwaIKFLDeDYSPv0ZsHVCGAfTzO1s70agHpCV%2F0FtgIk%3D,Nike Air Jordan 1 High OG 2022 Chicago Lost and Found Men's Size 9,Pre-owned - Excellent,0,2026-05-19,query=Nike Air Jordan 1 Lost and Found US 9; collected_by_browse_api
1,Nike,Air Jordan 1 Retro High OG,Chicago Lost and Found,9,270,159.52,USD,1360,217000,listing_price,https://www.ebay.com/itm/358538404245?_skw=Nike+Air+Jordan+1+Lost+and+Found+US+9&hash=item537a8de195:g:0qgAAeSwZAFpvFX9&amdata=enc%3AAQALAAABAACCtXRWQnOEpyOqnQQ8KGYJ8X0s0dRDFe%2FgWCVnn%2FFq%2ByFZP7Dao%2FUQiXCE1DAhgMxtMmiCuzYooPhcTMsU8U9rgLu76i9G%2FFJ4XWLvW%2BGKTHaBjRM8OxYkL90G3tWmfQUZKykeRr8yRstK3vo5VGccw1sB9JSwzmUzhpjF0bTtXcOQMbqyUyq9dUET3bbMhbnlY%2B%2B7fNxWzyRblSE3xXrOV2VU21ufWFrTTxuWPP4H9tM1J3g08xmu6h4OLJebpuKC%2BdjGWMdzHRl6jZGFuWmQyLZov0QDsdSkLHZmma9L%2FoTjgxf0mKBr1xNwsLn6C8xQWMZml43xKnYoxuNaObs%3D,DZ5485-612 Jordan1 Retro High OG Lost and Found,New with box,0.0,2026-05-19,query=Nike Air Jordan 1 Lost and Found US 9; collected_by_browse_api
1,Nike,Air Jordan 1 Retro High OG,Chicago Lost and Found,9,270,280.0,USD,1360,381000,listing_price,https://www.ebay.com/itm/277886777107?_skw=Nike+Air+Jordan+1+Lost+and+Found+US+9&hash=item40b357b713:g:fhgAAeSw77xp26rG,"Air Jordan 1 Retro High ""LOST AND FOUND"" 2022 - Size 8.5 - dz5485 612 (15203-18)",New with box,14.0,2026-05-19,query=Nike Air Jordan 1 Lost and Found US 9; collected_by_browse_api
1,Nike,Air Jordan 1 Retro High OG,Chicago Lost and Found,9,270,252.0,USD,1360,343000,listing_price,https://www.ebay.com/itm/287220900493?_skw=Nike+Air+Jordan+1+Lost+and+Found+US+9&hash=item42dfb3228d:g:9kgAAeSwCiJpVXe8,"Air Jordan 1 Retro High OG ""LOST AND FOUND"" 2022 - Size 10 - dz5485 612 (405-21)",Pre-owned - Excellent,14.0,2026-05-19,query=Nike Air Jordan 1 Lost and Found US 9; collected_by_browse_api
1,Nike,Air Jordan 1 Retro High OG,Chicago Lost and Found,9,270,496.0,USD,1360,675000,listing_price,https://www.ebay.com/itm/397298071749?_skw=Nike+Air+Jordan+1+Lost+and+Found+US+9&hash=item5c80cf78c5:g:DtYAAeSwtFRpG7Py,Nike Jordan 1 Retro High OG Chicago Lost And Found,New,20.0,2026-05-19,query=Nike Air Jordan 1 Lost and Found US 9; collected_by_browse_api
1,Nike,Air Jordan 1 Retro High OG,Chicago Lost and Found,9,270,302.0,USD,1360,411000,listing_price,https://www.ebay.com/itm/277821311876?_skw=Nike+Air+Jordan+1+Lost+and+Found+US+9&hash=item40af70cb84:g:APQAAeSwHtppMJZm,"Air Jordan 1 Retro High OG ""LOST AND FOUND"" 2022 - Size 9 - dz5485 612 (14308-..",New with box,14.0,2026-05-19,query=Nike Air Jordan 1 Lost and Found US 9; collected_by_browse_api
1,Nike,Air Jordan 1 Retro High OG,Chicago Lost and Found,9,270,375.0,USD,1360,510000,listing_price,https://www.ebay.com/itm/116985967096?_skw=Nike+Air+Jordan+1+Lost+and+Found+US+9&hash=item1b3ce831f8:g:N7sAAeSwb99pabr7,NEW Nike Air Jordan 1 Retro OG Chicago Lost and Found Size 9.5,New with box,0.0,2026-05-19,query=Nike Air Jordan 1 Lost and Found US 9; collected_by_browse_api
1,Nike,Air Jordan 1 Retro High OG,Chicago Lost and Found,9,270,210.0,USD,1360,286000,listing_price,https://www.ebay.com/itm/389684026074?_skw=Nike+Air+Jordan+1+Lost+and+Found+US+9&hash=item5abafa5ada:g:OYYAAeSw5D1po9jO,Jordan 1 Retro High OG Lost and Found Chicago 2022 - Size 9 - Authentic,Pre-owned - Excellent,0,2026-05-19,query=Nike Air Jordan 1 Lost and Found US 9; collected_by_browse_api
1,Nike,Air Jordan 1 Retro High OG,Chicago Lost and Found,9,270,320.0,USD,1360,435000,listing_price,https://www.ebay.com/itm/287295968655?_skw=Nike+Air+Jordan+1+Lost+and+Found+US+9&hash=item42e42c958f:g:SA0AAeSwRZlp7o13&amdata=enc%3AAQALAAABAACCtXRWQnOEpyOqnQQ8KGYNImDzI8MRFJps4bO7imdDVk1bbqQ%2Ff7g6trdQJ5LBXsqe976VTYCHGpvp2EX5ofuketkJKmX2PC0tSGSo7cAaMC30pgp4iMbdt9CQ5w89OY2h33ExVIFDRqQ02Me47bb8RodLNfXVMK135bouINRhyAnboP2%2B8JP91UfQI4n%2F4AmdFCiWiyJi5MPwHzQwqHwsv09KZDO3W%2FATipKpCSBtHSB5oOmQLpppbeaJQHuHGY3zvwp93DuPczSK66ODug9giAPXRDqtyHR5jcNRqztvgjJrdcLPDiqoQIuYYtMLQ%2Fxfkv33W7ealRW8%2F6ZDiNU%3D,New Jordan 1 Retro High OG Chicago Lost and Found DZ5485-612 - Men's Size 9 US,New with box,0,2026-05-19,query=Nike Air Jordan 1 Lost and Found US 9; collected_by_browse_api
1,Nike,Air Jordan 1 Retro High OG,Chicago Lost and Found,9,270,339.95,USD,1360,462000,listing_price,https://www.ebay.com/itm/116612739042?_skw=Nike+Air+Jordan+1+Lost+and+Found+US+9&hash=item1b26a92fe2:g:iBQAAeSwMtloLkoJ&amdata=enc%3AAQALAAABAACCtXRWQnOEpyOqnQQ8KGbOYRs%2Bn%2BieQd07spwLonw%2BZp55fd1uPPlEDDvOTxg4ZmEc7jFoqufWhkcSV1scabFlvr6qukRB3zNn%2BJEj%2FzlemguUF69IR6Ags4aXm97HlfTDPJG2Zs6lFBzp3dm4acZ5umFfYICb9m3JfOKoVEabEpm8A%2FQ0ihj8ZLRovTQhGvFwCAysGCFc55yBBzI7iIqUF74YYQwWW5ThiL%2B6088ynijzWtWIT59Hq7Np4W3u%2BId4pLl8tnveoNvpZHdJqN8khXg%2FvlJDJqraS7aUBfjcllsbWiVlMfJmj6ruhf4s2gr6xyE%2FuNNajaALQPZVNuk%3D,DS New Nike Air Jordan Retro 1 High OG Lost And Found Chicago 2022 Size 9.5 Red,New with box,0,2026-05-19,query=Nike Air Jordan 1 Lost and Found US 9; collected_by_browse_api
1,Nike,Air Jordan 1 Retro High OG,Chicago Lost and Found,9,270,247.0,USD,1360,336000,listing_price,https://www.ebay.com/itm/277821311587?_skw=Nike+Air+Jordan+1+Lost+and+Found+US+9&hash=item40af70ca63:g:cx4AAeSwQxtpUWMP,"Air Jordan 1 Retro High OG ""LOST AND FOUND"" 2022 - Size 9 - dz5485 612 (9289-11)",Pre-owned - Excellent,14.0,2026-05-19,query=Nike Air Jordan 1 Lost and Found US 9; collected_by_browse_api
1,Nike,Air Jordan 1 Retro High OG,Chicago Lost and Found,9,270,369.2,USD,1360,502000,listing_price,https://www.ebay.com/itm/136834294298?_skw=Nike+Air+Jordan+1+Lost+and+Found+US+9&hash=item1fdbf5a21a:g:g1UAAeSw73lp~658,"Air Jordan 1 Retro ""Lost and Found""",New,12.0,2026-05-19,query=Nike Air Jordan 1 Lost and Found US 9; collected_by_browse_api
1,Nike,Air Jordan 1 Retro High OG,Chicago Lost and Found,9,270,150.0,USD,1360,204000,listing_price,https://www.ebay.com/itm/397621698793?_skw=Nike+Air+Jordan+1+Lost+and+Found+US+9&hash=item5c9419a0e9:g:hgIAAeSwtVpplMqM,Nike Air Jordan 1 Retro High OG lost and founds size 8,Pre-owned - Excellent,0,2026-05-19,query=Nike Air Jordan 1 Lost and Found US 9; collected_by_browse_api
1,Nike,Air Jordan 1 Retro High OG,Chicago Lost and Found,9,270,320.0,USD,1360,435000,listing_price,https://www.ebay.com/itm/297852860636?_skw=Nike+Air+Jordan+1+Lost+and+Found+US+9&hash=item455969f8dc:g:PBkAAeSwAiBpQtey,Air Jordan 1 Retro High Chicago Lost and Found Style # DZ5485-612 Size 9,New with box,0,2026-05-19,query=Nike Air Jordan 1 Lost and Found US 9; collected_by_browse_api
1,Nike,Air Jordan 1 Retro High OG,Chicago Lost and Found,9,270,265.0,USD,1360,360000,listing_price,https://www.ebay.com/itm/397815557393?_skw=Nike+Air+Jordan+1+Lost+and+Found+US+9&hash=item5c9fa7ad11:g:bbgAAeSwhVVp1eSK,Jordan 1 Retro High OG Chicago Lost and Found,New with box,0,2026-05-19,query=Nike Air Jordan 1 Lost and Found US 9; collected_by_browse_api
1,Nike,Air Jordan 1 Retro High OG,Chicago Lost and Found,9,270,265.0,USD,1360,360000,listing_price,https://www.ebay.com/itm/800014924051?_skw=Nike+Air+Jordan+1+Lost+and+Found+US+9&hash=itemba449af913:g:DNMAAeSwKuRqBNQt,Jordan 1 Retro High OG Chicago Lost and Found DZ5485-612 8.5M/10W Brand New,New with box,0,2026-05-19,query=Nike Air Jordan 1 Lost and Found US 9; collected_by_browse_api
1,Nike,Air Jordan 1 Retro High OG,Chicago Lost and Found,9,270,399.95,USD,1360,544000,listing_price,https://www.ebay.com/itm/235599592740?_skw=Nike+Air+Jordan+1+Lost+and+Found+US+9&hash=item36dad47d24:g:Sp0AAOSwmRtmZJRY,Nike Air Jordan 1 Men Size 9 - Retro High OG Chicago Lost and Found DZ5485-612,New with box,0,2026-05-19,query=Nike Air Jordan 1 Lost and Found US 9; collected_by_browse_api
1,Nike,Air Jordan 1 Retro High OG,Chicago Lost and Found,9,270,60.0,USD,1360,82000,listing_price,https://www.ebay.com/itm/298327354147?_skw=Nike+Air+Jordan+1+Lost+and+Found+US+9&hash=item4575b22b23:g:gqUAAeSwEAFovEb1,Nike Air Jordan 1 Lost and Found High,Pre-owned - Good,0,2026-05-19,query=Nike Air Jordan 1 Lost and Found US 9; collected_by_browse_api
1,Nike,Air Jordan 1 Retro High OG,Chicago Lost and Found,9,270,309.0,USD,1360,420000,listing_price,https://www.ebay.com/itm/277587509159?_skw=Nike+Air+Jordan+1+Lost+and+Found+US+9&hash=item40a1813fa7:g:iKoAAeSwHkppRMeC&amdata=enc%3AAQALAAABAACCtXRWQnOEpyOqnQQ8KGYaFLSOKX%2B7orelkgRODQJZvTQeS9fZMZPlXpUeOcCcxLc5sriTyhZnGoT%2FYVHmCX3KYu4aXN8UlCRNnyC7waZ5BXPaH0G1EhDOPTyOKUFw01Bn28o27Svj2kzyI5LehE2MT3PCNc03HHYESekDEFOwK5%2FT7SWfqpM1lSFX9bN6IVtn7SzAZgr9GqGgV9v%2BQoOOSuZfZSJa30ZjpJFy4WktRwLWgfaONzmjFN9vaRumzxLF5cduRRW2SgGFN5fAcD9EeRazR%2FKLw%2BAKGwGAXwhmaUmGdreBoosAPep4nnmhr5tgaG%2Fv7MWrovxoDodALik%3D,DZ5485 612 Jordan 1 Retro High OG Lost and Found  Men Size 9,New with box,0,2026-05-19,query=Nike Air Jordan 1 Lost and Found US 9; collected_by_browse_api
1,Nike,Air Jordan 1 Retro High OG,Chicago Lost and Found,9,270,104.99,USD,1360,143000,listing_price,https://www.ebay.com/itm/227279565579?_skw=Nike+Air+Jordan+1+Lost+and+Found+US+9&hash=item34eaeaf30b:g:gYgAAeSwCoRpyq6u&amdata=enc%3AAQALAAABAACCtXRWQnOEpyOqnQQ8KGabG5AdpMgqCQW0EkonLxocOJw2kk9RuA%2BbsDFgMGvBn0QP5B5RVXcSxv2uKPnomnxIULANhDnRTPrSYrhaXNDdnmG%2FxJobkrPbYh9l%2BOao5ZgjqfkPgHz0Z%2F3ViXG%2F8mFfN6kRt4AArnWVmnjZZGrau2n8EDBB5QrjvYUwlZStykNJjJ8XFz%2FioXmXQxghiHh3KUt%2BgBYlSTTBhfw6%2FZa9RiLoAOyAleL%2BOSh27QUHlQk81XHl9rgwZe1cm5%2Bu2etNyeqps%2BmA2GL90mZOL%2Fesj6jg1H2lRzbPJQMTBuL3I5f%2Fj1UWCbqNL37gV0UcM8M%3D,Nike Jordan 1 Retro High OG Chicago Lost and Found - Size 7 - With Box,Pre-owned - Excellent,0,2026-05-19,query=Nike Air Jordan 1 Lost and Found US 9; collected_by_browse_api
